Ano;Origem;Pa√≠s;Quantidade de Litros Exportados;Valor de Litros Exportados
2008;Brasil;Afeganistao;0;0
2009;Brasil;Afeganistao;0;0
2010;Brasil;Afeganistao;0;0
2011;Brasil;Afeganistao;0;0
2012;Brasil;Afeganistao;0;0
2013;Brasil;Afeganistao;0;0
2014;Brasil;Afeganistao;0;0
2015;Brasil;Afeganistao;0;0
2016;Brasil;Afeganistao;0;0
2017;Brasil;Afeganistao;0;0
2018;Brasil;Afeganistao;0;0
2019;Brasil;Afeganistao;0;0
2020;Brasil;Afeganistao;0;0
2021;Brasil;Afeganistao;11;46
2022;Brasil;Afeganistao;0;0
2023;Brasil;Afeganistao;0;0
2008;Brasil;Alemanha;265742;429970
2009;Brasil;Alemanha;225086;393482
2010;Brasil;Alemanha;27715;138666
2011;Brasil;Alemanha;36070;144150
2012;Brasil;Alemanha;8189;56342
2013;Brasil;Alemanha;61699;265978
2014;Brasil;Alemanha;213348;761653
2015;Brasil;Alemanha;10680;44780
2016;Brasil;Alemanha;14012;68109
2017;Brasil;Alemanha;15467;87702
2018;Brasil;Alemanha;10794;45382
2019;Brasil;Alemanha;3660;25467
2020;Brasil;Alemanha;6261;32605
2021;Brasil;Alemanha;2698;6741
2022;Brasil;Alemanha;7630;45367
2023;Brasil;Alemanha;4806;31853
2008;Brasil;Angola;25721;71083
2009;Brasil;Angola;54786;84235
2010;Brasil;Angola;33557;189891
2011;Brasil;Angola;13889;69001
2012;Brasil;Angola;2833;8861
2013;Brasil;Angola;1573;9300
2014;Brasil;Angola;12182;23124
2015;Brasil;Angola;1908;17089
2016;Brasil;Angola;7359;35390
2017;Brasil;Angola;10170;61680
2018;Brasil;Angola;477;709
2019;Brasil;Angola;345;1065
2020;Brasil;Angola;0;0
2021;Brasil;Angola;0;0
2022;Brasil;Angola;4068;4761
2023;Brasil;Angola;0;0
2008;Brasil;Anguilla;0;0
2009;Brasil;Anguilla;0;0
2010;Brasil;Anguilla;0;0
2011;Brasil;Anguilla;0;0
2012;Brasil;Anguilla;0;0
2013;Brasil;Anguilla;0;0
2014;Brasil;Anguilla;0;0
2015;Brasil;Anguilla;0;0
2016;Brasil;Anguilla;0;0
2017;Brasil;Anguilla;0;0
2018;Brasil;Anguilla;0;0
2019;Brasil;Anguilla;0;0
2020;Brasil;Anguilla;0;0
2021;Brasil;Anguilla;0;0
2022;Brasil;Anguilla;0;0
2023;Brasil;Anguilla;0;0
2008;Brasil;Antilhas Holandesas;17938;22908
2009;Brasil;Antilhas Holandesas;8235;10651
2010;Brasil;Antilhas Holandesas;9810;12808
2011;Brasil;Antilhas Holandesas;7335;10188
2012;Brasil;Antilhas Holandesas;9247;14081
2013;Brasil;Antilhas Holandesas;11281;19565
2014;Brasil;Antilhas Holandesas;4455;7169
2015;Brasil;Antilhas Holandesas;6660;10545
2016;Brasil;Antilhas Holandesas;16641;26450
2017;Brasil;Antilhas Holandesas;5400;8550
2018;Brasil;Antilhas Holandesas;0;0
2019;Brasil;Antilhas Holandesas;0;0
2020;Brasil;Antilhas Holandesas;0;0
2021;Brasil;Antilhas Holandesas;0;0
2022;Brasil;Antilhas Holandesas;0;0
2023;Brasil;Antilhas Holandesas;0;0
2008;Brasil;Antigua e Barbuda;0;0
2009;Brasil;Antigua e Barbuda;0;0
2010;Brasil;Antigua e Barbuda;0;0
2011;Brasil;Antigua e Barbuda;0;0
2012;Brasil;Antigua e Barbuda;0;0
2013;Brasil;Antigua e Barbuda;0;0
2014;Brasil;Antigua e Barbuda;0;0
2015;Brasil;Antigua e Barbuda;0;0
2016;Brasil;Antigua e Barbuda;0;0
2017;Brasil;Antigua e Barbuda;0;0
2018;Brasil;Antigua e Barbuda;37;191
2019;Brasil;Antigua e Barbuda;219;1549
2020;Brasil;Antigua e Barbuda;624;1864
2021;Brasil;Antigua e Barbuda;805;2268
2022;Brasil;Antigua e Barbuda;419;1866
2023;Brasil;Antigua e Barbuda;383;1848
2008;Brasil;Argentina;0;0
2009;Brasil;Argentina;162;4523
2010;Brasil;Argentina;0;0
2011;Brasil;Argentina;13253;55460
2012;Brasil;Argentina;0;0
2013;Brasil;Argentina;0;0
2014;Brasil;Argentina;20385;95130
2015;Brasil;Argentina;0;0
2016;Brasil;Argentina;0;0
2017;Brasil;Argentina;0;0
2018;Brasil;Argentina;15711;59150
2019;Brasil;Argentina;0;0
2020;Brasil;Argentina;1015;4176
2021;Brasil;Argentina;6;13
2022;Brasil;Argentina;480;3232
2023;Brasil;Argentina;4545;36133
2008;Brasil;Aruba;0;0
2009;Brasil;Aruba;0;0
2010;Brasil;Aruba;0;0
2011;Brasil;Aruba;900;1680
2012;Brasil;Aruba;0;0
2013;Brasil;Aruba;0;0
2014;Brasil;Aruba;450;755
2015;Brasil;Aruba;0;0
2016;Brasil;Aruba;0;0
2017;Brasil;Aruba;0;0
2018;Brasil;Aruba;0;0
2019;Brasil;Aruba;0;0
2020;Brasil;Aruba;0;0
2021;Brasil;Aruba;0;0
2022;Brasil;Aruba;0;0
2023;Brasil;Aruba;0;0
2008;Brasil;Arabia Saudita;0;0
2009;Brasil;Arabia Saudita;0;0
2010;Brasil;Arabia Saudita;0;0
2011;Brasil;Arabia Saudita;0;0
2012;Brasil;Arabia Saudita;0;0
2013;Brasil;Arabia Saudita;0;0
2014;Brasil;Arabia Saudita;0;0
2015;Brasil;Arabia Saudita;0;0
2016;Brasil;Arabia Saudita;0;0
2017;Brasil;Arabia Saudita;0;0
2018;Brasil;Arabia Saudita;0;0
2019;Brasil;Arabia Saudita;0;0
2020;Brasil;Arabia Saudita;0;0
2021;Brasil;Arabia Saudita;0;0
2022;Brasil;Arabia Saudita;0;0
2023;Brasil;Arabia Saudita;124;142
2008;Brasil;Australia;218726;99280
2009;Brasil;Australia;1014;9195
2010;Brasil;Australia;1823;17960
2011;Brasil;Australia;3632;40704
2012;Brasil;Australia;9345;56045
2013;Brasil;Australia;16707;101715
2014;Brasil;Australia;6308;43709
2015;Brasil;Australia;7437;48011
2016;Brasil;Australia;1954;13799
2017;Brasil;Australia;1350;7500
2018;Brasil;Australia;2055;6902
2019;Brasil;Australia;1161;4682
2020;Brasil;Australia;1013;3413
2021;Brasil;Australia;705;4034
2022;Brasil;Australia;1424;12299
2023;Brasil;Australia;2485;13565
2008;Brasil;Bahamas;0;0
2009;Brasil;Bahamas;0;0
2010;Brasil;Bahamas;3175;12759
2011;Brasil;Bahamas;4529;28810
2012;Brasil;Bahamas;1374;12087
2013;Brasil;Bahamas;581;5145
2014;Brasil;Bahamas;0;0
2015;Brasil;Bahamas;0;0
2016;Brasil;Bahamas;0;0
2017;Brasil;Bahamas;0;0
2018;Brasil;Bahamas;141;634
2019;Brasil;Bahamas;791;3124
2020;Brasil;Bahamas;1212;3703
2021;Brasil;Bahamas;1083;4567
2022;Brasil;Bahamas;1215;5799
2023;Brasil;Bahamas;1348;7402
2008;Brasil;Bangladesh;0;0
2009;Brasil;Bangladesh;0;0
2010;Brasil;Bangladesh;0;0
2011;Brasil;Bangladesh;0;0
2012;Brasil;Bangladesh;0;0
2013;Brasil;Bangladesh;0;0
2014;Brasil;Bangladesh;0;0
2015;Brasil;Bangladesh;0;0
2016;Brasil;Bangladesh;0;0
2017;Brasil;Bangladesh;0;0
2018;Brasil;Bangladesh;0;0
2019;Brasil;Bangladesh;0;0
2020;Brasil;Bangladesh;3;29
2021;Brasil;Bangladesh;2;20
2022;Brasil;Bangladesh;7;84
2023;Brasil;Bangladesh;0;0
2008;Brasil;Barbados;0;0
2009;Brasil;Barbados;0;0
2010;Brasil;Barbados;0;0
2011;Brasil;Barbados;0;0
2012;Brasil;Barbados;0;0
2013;Brasil;Barbados;0;0
2014;Brasil;Barbados;0;0
2015;Brasil;Barbados;0;0
2016;Brasil;Barbados;0;0
2017;Brasil;Barbados;0;0
2018;Brasil;Barbados;0;0
2019;Brasil;Barbados;36;394
2020;Brasil;Barbados;143;169
2021;Brasil;Barbados;216;844
2022;Brasil;Barbados;220;1145
2023;Brasil;Barbados;58;303
2008;Brasil;Barein;0;0
2009;Brasil;Barein;0;0
2010;Brasil;Barein;0;0
2011;Brasil;Barein;0;0
2012;Brasil;Barein;0;0
2013;Brasil;Barein;0;0
2014;Brasil;Barein;0;0
2015;Brasil;Barein;0;0
2016;Brasil;Barein;0;0
2017;Brasil;Barein;0;0
2018;Brasil;Barein;0;0
2019;Brasil;Barein;482;2144
2020;Brasil;Barein;8;28
2021;Brasil;Barein;302;894
2022;Brasil;Barein;979;2789
2023;Brasil;Barein;283;1684
2008;Brasil;Belice;0;0
2009;Brasil;Belice;0;0
2010;Brasil;Belice;0;0
2011;Brasil;Belice;0;0
2012;Brasil;Belice;0;0
2013;Brasil;Belice;0;0
2014;Brasil;Belice;0;0
2015;Brasil;Belice;0;0
2016;Brasil;Belice;0;0
2017;Brasil;Belice;0;0
2018;Brasil;Belice;0;0
2019;Brasil;Belice;9;29
2020;Brasil;Belice;0;0
2021;Brasil;Belice;0;0
2022;Brasil;Belice;0;0
2023;Brasil;Belice;0;0
2008;Brasil;Benin;10350;17423
2009;Brasil;Benin;0;0
2010;Brasil;Benin;0;0
2011;Brasil;Benin;0;0
2012;Brasil;Benin;0;0
2013;Brasil;Benin;0;0
2014;Brasil;Benin;0;0
2015;Brasil;Benin;0;0
2016;Brasil;Benin;5040;20333
2017;Brasil;Benin;0;0
2018;Brasil;Benin;0;0
2019;Brasil;Benin;9;9
2020;Brasil;Benin;0;0
2021;Brasil;Benin;0;0
2022;Brasil;Benin;0;0
2023;Brasil;Benin;0;0
2008;Brasil;Bermudas;0;0
2009;Brasil;Bermudas;0;0
2010;Brasil;Bermudas;0;0
2011;Brasil;Bermudas;0;0
2012;Brasil;Bermudas;0;0
2013;Brasil;Bermudas;0;0
2014;Brasil;Bermudas;0;0
2015;Brasil;Bermudas;0;0
2016;Brasil;Bermudas;0;0
2017;Brasil;Bermudas;0;0
2018;Brasil;Bermudas;0;0
2019;Brasil;Bermudas;0;0
2020;Brasil;Bermudas;0;0
2021;Brasil;Bermudas;0;0
2022;Brasil;Bermudas;0;0
2023;Brasil;Bermudas;16;153
2008;Brasil;Bolivia;3979;3990
2009;Brasil;Bolivia;40463;20729
2010;Brasil;Bolivia;54;282
2011;Brasil;Bolivia;12775;20215
2012;Brasil;Bolivia;11868;16804
2013;Brasil;Bolivia;19147;25998
2014;Brasil;Bolivia;12534;18303
2015;Brasil;Bolivia;10674;12990
2016;Brasil;Bolivia;13586;16902
2017;Brasil;Bolivia;9495;23085
2018;Brasil;Bolivia;21566;57424
2019;Brasil;Bolivia;0;0
2020;Brasil;Bolivia;9900;16025
2021;Brasil;Bolivia;5850;8360
2022;Brasil;Bolivia;32530;49011
2023;Brasil;Bolivia;21926;36950
2008;Brasil;Brasil;0;0
2009;Brasil;Brasil;0;0
2010;Brasil;Brasil;0;0
2011;Brasil;Brasil;0;0
2012;Brasil;Brasil;0;0
2013;Brasil;Brasil;0;0
2014;Brasil;Brasil;0;0
2015;Brasil;Brasil;0;0
2016;Brasil;Brasil;0;0
2017;Brasil;Brasil;0;0
2018;Brasil;Brasil;0;0
2019;Brasil;Brasil;0;0
2020;Brasil;Brasil;0;0
2021;Brasil;Brasil;31;46
2022;Brasil;Brasil;2504;952
2023;Brasil;Brasil;0;0
2008;Brasil;Bulgaria;0;0
2009;Brasil;Bulgaria;0;0
2010;Brasil;Bulgaria;0;0
2011;Brasil;Bulgaria;0;0
2012;Brasil;Bulgaria;0;0
2013;Brasil;Bulgaria;0;0
2014;Brasil;Bulgaria;0;0
2015;Brasil;Bulgaria;0;0
2016;Brasil;Bulgaria;0;0
2017;Brasil;Bulgaria;117;1579
2018;Brasil;Bulgaria;0;0
2019;Brasil;Bulgaria;0;0
2020;Brasil;Bulgaria;0;0
2021;Brasil;Bulgaria;0;0
2022;Brasil;Bulgaria;5;31
2023;Brasil;Bulgaria;0;0
2008;Brasil;Belgica;3523;12969
2009;Brasil;Belgica;125962;58764
2010;Brasil;Belgica;42532;185411
2011;Brasil;Belgica;11802;62339
2012;Brasil;Belgica;16132;90718
2013;Brasil;Belgica;22461;95893
2014;Brasil;Belgica;151320;704093
2015;Brasil;Belgica;4473;26399
2016;Brasil;Belgica;7200;46534
2017;Brasil;Belgica;2790;16405
2018;Brasil;Belgica;7497;52799
2019;Brasil;Belgica;2498;12548
2020;Brasil;Belgica;3166;20460
2021;Brasil;Belgica;483;3749
2022;Brasil;Belgica;828;6145
2023;Brasil;Belgica;95;683
2008;Brasil;Bosnia-Herzegovina;0;0
2009;Brasil;Bosnia-Herzegovina;0;0
2010;Brasil;Bosnia-Herzegovina;0;0
2011;Brasil;Bosnia-Herzegovina;0;0
2012;Brasil;Bosnia-Herzegovina;0;0
2013;Brasil;Bosnia-Herzegovina;0;0
2014;Brasil;Bosnia-Herzegovina;0;0
2015;Brasil;Bosnia-Herzegovina;0;0
2016;Brasil;Bosnia-Herzegovina;0;0
2017;Brasil;Bosnia-Herzegovina;0;0
2018;Brasil;Bosnia-Herzegovina;0;0
2019;Brasil;Bosnia-Herzegovina;0;0
2020;Brasil;Bosnia-Herzegovina;45;52
2021;Brasil;Bosnia-Herzegovina;0;0
2022;Brasil;Bosnia-Herzegovina;0;0
2023;Brasil;Bosnia-Herzegovina;0;0
2008;Brasil;Cabo Verde;0;0
2009;Brasil;Cabo Verde;0;0
2010;Brasil;Cabo Verde;11991;49366
2011;Brasil;Cabo Verde;600;825
2012;Brasil;Cabo Verde;0;0
2013;Brasil;Cabo Verde;0;0
2014;Brasil;Cabo Verde;0;0
2015;Brasil;Cabo Verde;0;0
2016;Brasil;Cabo Verde;0;0
2017;Brasil;Cabo Verde;0;0
2018;Brasil;Cabo Verde;18;48
2019;Brasil;Cabo Verde;0;0
2020;Brasil;Cabo Verde;0;0
2021;Brasil;Cabo Verde;16;124
2022;Brasil;Cabo Verde;0;0
2023;Brasil;Cabo Verde;0;0
2008;Brasil;Camaroes;0;0
2009;Brasil;Camaroes;0;0
2010;Brasil;Camaroes;0;0
2011;Brasil;Camaroes;0;0
2012;Brasil;Camaroes;0;0
2013;Brasil;Camaroes;0;0
2014;Brasil;Camaroes;0;0
2015;Brasil;Camaroes;0;0
2016;Brasil;Camaroes;0;0
2017;Brasil;Camaroes;1749;7476
2018;Brasil;Camaroes;0;0
2019;Brasil;Camaroes;0;0
2020;Brasil;Camaroes;0;178
2021;Brasil;Camaroes;0;0
2022;Brasil;Camaroes;0;0
2023;Brasil;Camaroes;0;0
2008;Brasil;Canada;20949;80476
2009;Brasil;Canada;15664;73445
2010;Brasil;Canada;0;0
2011;Brasil;Canada;28906;128076
2012;Brasil;Canada;14304;146035
2013;Brasil;Canada;25329;174643
2014;Brasil;Canada;35082;226875
2015;Brasil;Canada;24547;118394
2016;Brasil;Canada;13711;71096
2017;Brasil;Canada;6075;30658
2018;Brasil;Canada;5308;20414
2019;Brasil;Canada;1589;6933
2020;Brasil;Canada;1672;8431
2021;Brasil;Canada;1172;6157
2022;Brasil;Canada;1183;5784
2023;Brasil;Canada;11539;42179
2008;Brasil;Catar;0;0
2009;Brasil;Catar;0;0
2010;Brasil;Catar;0;0
2011;Brasil;Catar;0;0
2012;Brasil;Catar;0;0
2013;Brasil;Catar;0;0
2014;Brasil;Catar;0;0
2015;Brasil;Catar;0;0
2016;Brasil;Catar;0;0
2017;Brasil;Catar;13338;81606
2018;Brasil;Catar;0;0
2019;Brasil;Catar;0;0
2020;Brasil;Catar;0;0
2021;Brasil;Catar;1;2
2022;Brasil;Catar;0;0
2023;Brasil;Catar;5;18
2008;Brasil;Cayman, Ilhas;0;0
2009;Brasil;Cayman, Ilhas;0;0
2010;Brasil;Cayman, Ilhas;0;0
2011;Brasil;Cayman, Ilhas;0;0
2012;Brasil;Cayman, Ilhas;0;0
2013;Brasil;Cayman, Ilhas;0;0
2014;Brasil;Cayman, Ilhas;0;0
2015;Brasil;Cayman, Ilhas;0;0
2016;Brasil;Cayman, Ilhas;0;0
2017;Brasil;Cayman, Ilhas;0;0
2018;Brasil;Cayman, Ilhas;19;203
2019;Brasil;Cayman, Ilhas;19;106
2020;Brasil;Cayman, Ilhas;123;339
2021;Brasil;Cayman, Ilhas;104;356
2022;Brasil;Cayman, Ilhas;160;958
2023;Brasil;Cayman, Ilhas;438;2632
2008;Brasil;Chile;0;0
2009;Brasil;Chile;1475;4297
2010;Brasil;Chile;0;0
2011;Brasil;Chile;0;0
2012;Brasil;Chile;8550;15438
2013;Brasil;Chile;0;0
2014;Brasil;Chile;0;0
2015;Brasil;Chile;0;0
2016;Brasil;Chile;0;0
2017;Brasil;Chile;0;0
2018;Brasil;Chile;11049;42832
2019;Brasil;Chile;0;0
2020;Brasil;Chile;11;13
2021;Brasil;Chile;26;6
2022;Brasil;Chile;2094;7986
2023;Brasil;Chile;9;63
2008;Brasil;China;8689;25926
2009;Brasil;China;1553416;482400
2010;Brasil;China;795;2358
2011;Brasil;China;54156;334867
2012;Brasil;China;87905;642177
2013;Brasil;China;40929;279956
2014;Brasil;China;64040;455340
2015;Brasil;China;47609;222866
2016;Brasil;China;134106;499622
2017;Brasil;China;67594;266086
2018;Brasil;China;30835;126336
2019;Brasil;China;129852;376828
2020;Brasil;China;122253;363000
2021;Brasil;China;61884;264116
2022;Brasil;China;105395;404647
2023;Brasil;China;73917;183096
2008;Brasil;Cipre;0;0
2009;Brasil;Cipre;0;0
2010;Brasil;Cipre;0;0
2011;Brasil;Cipre;0;0
2012;Brasil;Cipre;0;0
2013;Brasil;Cipre;0;0
2014;Brasil;Cipre;0;0
2015;Brasil;Cipre;0;0
2016;Brasil;Cipre;0;0
2017;Brasil;Cipre;0;0
2018;Brasil;Cipre;279;480
2019;Brasil;Cipre;672;1843
2020;Brasil;Cipre;2478;6785
2021;Brasil;Cipre;1855;4530
2022;Brasil;Cipre;1521;4458
2023;Brasil;Cipre;524;2995
2008;Brasil;Cocos (Keeling), Ilhas;0;0
2009;Brasil;Cocos (Keeling), Ilhas;0;0
2010;Brasil;Cocos (Keeling), Ilhas;0;0
2011;Brasil;Cocos (Keeling), Ilhas;0;0
2012;Brasil;Cocos (Keeling), Ilhas;0;0
2013;Brasil;Cocos (Keeling), Ilhas;0;0
2014;Brasil;Cocos (Keeling), Ilhas;0;0
2015;Brasil;Cocos (Keeling), Ilhas;0;0
2016;Brasil;Cocos (Keeling), Ilhas;0;0
2017;Brasil;Cocos (Keeling), Ilhas;0;0
2018;Brasil;Cocos (Keeling), Ilhas;0;0
2019;Brasil;Cocos (Keeling), Ilhas;0;0
2020;Brasil;Cocos (Keeling), Ilhas;0;0
2021;Brasil;Cocos (Keeling), Ilhas;0;0
2022;Brasil;Cocos (Keeling), Ilhas;26;60
2023;Brasil;Cocos (Keeling), Ilhas;0;0
2008;Brasil;Colombia;0;0
2009;Brasil;Colombia;0;0
2010;Brasil;Colombia;0;0
2011;Brasil;Colombia;0;0
2012;Brasil;Colombia;0;0
2013;Brasil;Colombia;8;30
2014;Brasil;Colombia;0;0
2015;Brasil;Colombia;0;0
2016;Brasil;Colombia;0;0
2017;Brasil;Colombia;0;0
2018;Brasil;Colombia;6944;26273
2019;Brasil;Colombia;897;1999
2020;Brasil;Colombia;15660;23780
2021;Brasil;Colombia;12160;21867
2022;Brasil;Colombia;8217;14068
2023;Brasil;Colombia;450;1259
2008;Brasil;Comores;0;0
2009;Brasil;Comores;0;0
2010;Brasil;Comores;0;0
2011;Brasil;Comores;0;0
2012;Brasil;Comores;0;0
2013;Brasil;Comores;0;0
2014;Brasil;Comores;0;0
2015;Brasil;Comores;0;0
2016;Brasil;Comores;0;0
2017;Brasil;Comores;0;0
2018;Brasil;Comores;0;0
2019;Brasil;Comores;0;0
2020;Brasil;Comores;9;25
2021;Brasil;Comores;0;0
2022;Brasil;Comores;0;0
2023;Brasil;Comores;0;0
2008;Brasil;Congo;0;0
2009;Brasil;Congo;0;0
2010;Brasil;Congo;0;0
2011;Brasil;Congo;360;570
2012;Brasil;Congo;0;0
2013;Brasil;Congo;0;0
2014;Brasil;Congo;0;0
2015;Brasil;Congo;0;0
2016;Brasil;Congo;0;0
2017;Brasil;Congo;0;0
2018;Brasil;Congo;0;0
2019;Brasil;Congo;0;0
2020;Brasil;Congo;0;0
2021;Brasil;Congo;0;0
2022;Brasil;Congo;0;0
2023;Brasil;Congo;17100;26600
2008;Brasil;Coreia do Sul;3520;14366
2009;Brasil;Coreia do Sul;0;0
2010;Brasil;Coreia do Sul;0;0
2011;Brasil;Coreia do Sul;0;0
2012;Brasil;Coreia do Sul;0;0
2013;Brasil;Coreia do Sul;0;0
2014;Brasil;Coreia do Sul;0;0
2015;Brasil;Coreia do Sul;0;0
2016;Brasil;Coreia do Sul;8;20
2017;Brasil;Coreia do Sul;0;0
2018;Brasil;Coreia do Sul;120;109
2019;Brasil;Coreia do Sul;70;194
2020;Brasil;Coreia do Sul;103;433
2021;Brasil;Coreia do Sul;67;100
2022;Brasil;Coreia do Sul;77;257
2023;Brasil;Coreia do Sul;25;171
2008;Brasil;Costa Rica;55;200
2009;Brasil;Costa Rica;0;0
2010;Brasil;Costa Rica;0;0
2011;Brasil;Costa Rica;0;0
2012;Brasil;Costa Rica;0;0
2013;Brasil;Costa Rica;0;0
2014;Brasil;Costa Rica;0;0
2015;Brasil;Costa Rica;0;0
2016;Brasil;Costa Rica;0;0
2017;Brasil;Costa Rica;0;0
2018;Brasil;Costa Rica;0;0
2019;Brasil;Costa Rica;0;0
2020;Brasil;Costa Rica;0;0
2021;Brasil;Costa Rica;0;0
2022;Brasil;Costa Rica;0;0
2023;Brasil;Costa Rica;0;0
2008;Brasil;Costa do Marfim;0;0
2009;Brasil;Costa do Marfim;0;0
2010;Brasil;Costa do Marfim;0;0
2011;Brasil;Costa do Marfim;0;0
2012;Brasil;Costa do Marfim;0;0
2013;Brasil;Costa do Marfim;0;0
2014;Brasil;Costa do Marfim;0;0
2015;Brasil;Costa do Marfim;0;0
2016;Brasil;Costa do Marfim;0;0
2017;Brasil;Costa do Marfim;0;0
2018;Brasil;Costa do Marfim;0;0
2019;Brasil;Costa do Marfim;0;0
2020;Brasil;Costa do Marfim;0;0
2021;Brasil;Costa do Marfim;0;0
2022;Brasil;Costa do Marfim;0;0
2023;Brasil;Costa do Marfim;0;0
2008;Brasil;Croacia;0;0
2009;Brasil;Croacia;0;0
2010;Brasil;Croacia;0;0
2011;Brasil;Croacia;0;0
2012;Brasil;Croacia;0;0
2013;Brasil;Croacia;0;0
2014;Brasil;Croacia;0;0
2015;Brasil;Croacia;0;0
2016;Brasil;Croacia;0;0
2017;Brasil;Croacia;0;0
2018;Brasil;Croacia;0;0
2019;Brasil;Croacia;0;0
2020;Brasil;Croacia;21;123
2021;Brasil;Croacia;0;0
2022;Brasil;Croacia;34;484
2023;Brasil;Croacia;0;0
2008;Brasil;Cuba;0;0
2009;Brasil;Cuba;0;0
2010;Brasil;Cuba;0;0
2011;Brasil;Cuba;2880;4899
2012;Brasil;Cuba;0;0
2013;Brasil;Cuba;0;0
2014;Brasil;Cuba;38875;43200
2015;Brasil;Cuba;97965;108864
2016;Brasil;Cuba;63741;69830
2017;Brasil;Cuba;62791;72229
2018;Brasil;Cuba;4776;5584
2019;Brasil;Cuba;0;0
2020;Brasil;Cuba;0;0
2021;Brasil;Cuba;0;0
2022;Brasil;Cuba;16;6
2023;Brasil;Cuba;0;0
2008;Brasil;Curacao;0;0
2009;Brasil;Curacao;0;0
2010;Brasil;Curacao;0;0
2011;Brasil;Curacao;0;0
2012;Brasil;Curacao;0;0
2013;Brasil;Curacao;0;0
2014;Brasil;Curacao;0;0
2015;Brasil;Curacao;0;0
2016;Brasil;Curacao;0;0
2017;Brasil;Curacao;12340;23011
2018;Brasil;Curacao;23930;43676
2019;Brasil;Curacao;33951;62067
2020;Brasil;Curacao;47962;65986
2021;Brasil;Curacao;32263;58993
2022;Brasil;Curacao;40673;66950
2023;Brasil;Curacao;25135;40807
2008;Brasil;Dinamarca;518;15905
2009;Brasil;Dinamarca;1980;21780
2010;Brasil;Dinamarca;7034;69161
2011;Brasil;Dinamarca;32797;83057
2012;Brasil;Dinamarca;4716;23802
2013;Brasil;Dinamarca;17892;101915
2014;Brasil;Dinamarca;3240;16871
2015;Brasil;Dinamarca;7080;29306
2016;Brasil;Dinamarca;1278;8171
2017;Brasil;Dinamarca;581;2829
2018;Brasil;Dinamarca;0;0
2019;Brasil;Dinamarca;240;306
2020;Brasil;Dinamarca;659;1962
2021;Brasil;Dinamarca;87;504
2022;Brasil;Dinamarca;2;6
2023;Brasil;Dinamarca;1734;15261
2008;Brasil;Dominica;0;0
2009;Brasil;Dominica;0;0
2010;Brasil;Dominica;0;0
2011;Brasil;Dominica;0;0
2012;Brasil;Dominica;0;0
2013;Brasil;Dominica;0;0
2014;Brasil;Dominica;0;0
2015;Brasil;Dominica;0;0
2016;Brasil;Dominica;0;0
2017;Brasil;Dominica;0;0
2018;Brasil;Dominica;0;0
2019;Brasil;Dominica;0;0
2020;Brasil;Dominica;0;0
2021;Brasil;Dominica;460;634
2022;Brasil;Dominica;1485;2223
2023;Brasil;Dominica;0;0
2008;Brasil;El Salvador;0;0
2009;Brasil;El Salvador;55;100
2010;Brasil;El Salvador;0;0
2011;Brasil;El Salvador;0;0
2012;Brasil;El Salvador;0;0
2013;Brasil;El Salvador;0;0
2014;Brasil;El Salvador;0;0
2015;Brasil;El Salvador;0;0
2016;Brasil;El Salvador;0;0
2017;Brasil;El Salvador;0;0
2018;Brasil;El Salvador;0;0
2019;Brasil;El Salvador;0;0
2020;Brasil;El Salvador;0;0
2021;Brasil;El Salvador;0;0
2022;Brasil;El Salvador;0;0
2023;Brasil;El Salvador;0;0
2008;Brasil;Emirados Arabes Unidos;2437;12298
2009;Brasil;Emirados Arabes Unidos;1398;4032
2010;Brasil;Emirados Arabes Unidos;1035;3206
2011;Brasil;Emirados Arabes Unidos;2120;6594
2012;Brasil;Emirados Arabes Unidos;675;3300
2013;Brasil;Emirados Arabes Unidos;0;0
2014;Brasil;Emirados Arabes Unidos;640;3381
2015;Brasil;Emirados Arabes Unidos;765;3740
2016;Brasil;Emirados Arabes Unidos;585;2760
2017;Brasil;Emirados Arabes Unidos;675;3302
2018;Brasil;Emirados Arabes Unidos;360;1762
2019;Brasil;Emirados Arabes Unidos;450;2202
2020;Brasil;Emirados Arabes Unidos;581;2279
2021;Brasil;Emirados Arabes Unidos;810;10522
2022;Brasil;Emirados Arabes Unidos;4781;85465
2023;Brasil;Emirados Arabes Unidos;1417;6762
2008;Brasil;Equador;0;0
2009;Brasil;Equador;0;0
2010;Brasil;Equador;0;0
2011;Brasil;Equador;0;0
2012;Brasil;Equador;0;0
2013;Brasil;Equador;0;0
2014;Brasil;Equador;0;0
2015;Brasil;Equador;0;0
2016;Brasil;Equador;0;0
2017;Brasil;Equador;0;0
2018;Brasil;Equador;0;0
2019;Brasil;Equador;2;3
2020;Brasil;Equador;3780;3824
2021;Brasil;Equador;0;0
2022;Brasil;Equador;135;210
2023;Brasil;Equador;2790;4392
2008;Brasil;Eslovaca, Republica;585;16063
2009;Brasil;Eslovaca, Republica;0;0
2010;Brasil;Eslovaca, Republica;0;0
2011;Brasil;Eslovaca, Republica;0;0
2012;Brasil;Eslovaca, Republica;0;0
2013;Brasil;Eslovaca, Republica;0;0
2014;Brasil;Eslovaca, Republica;0;0
2015;Brasil;Eslovaca, Republica;0;0
2016;Brasil;Eslovaca, Republica;0;0
2017;Brasil;Eslovaca, Republica;0;0
2018;Brasil;Eslovaca, Republica;0;0
2019;Brasil;Eslovaca, Republica;0;0
2020;Brasil;Eslovaca, Republica;0;0
2021;Brasil;Eslovaca, Republica;0;0
2022;Brasil;Eslovaca, Republica;0;0
2023;Brasil;Eslovaca, Republica;0;0
2008;Brasil;Espanha;2942;6834
2009;Brasil;Espanha;2181;4050
2010;Brasil;Espanha;0;0
2011;Brasil;Espanha;5206;24618
2012;Brasil;Espanha;0;0
2013;Brasil;Espanha;1972980;3748940
2014;Brasil;Espanha;0;0
2015;Brasil;Espanha;0;0
2016;Brasil;Espanha;0;0
2017;Brasil;Espanha;0;0
2018;Brasil;Espanha;6123;22631
2019;Brasil;Espanha;3540;1353
2020;Brasil;Espanha;28;126
2021;Brasil;Espanha;0;0
2022;Brasil;Espanha;0;0
2023;Brasil;Espanha;180;4171
2008;Brasil;Estados Unidos;443895;804607
2009;Brasil;Estados Unidos;372319;660066
2010;Brasil;Estados Unidos;228968;478630
2011;Brasil;Estados Unidos;306787;1030254
2012;Brasil;Estados Unidos;146585;303986
2013;Brasil;Estados Unidos;245368;786556
2014;Brasil;Estados Unidos;222267;494216
2015;Brasil;Estados Unidos;195896;524109
2016;Brasil;Estados Unidos;258072;687411
2017;Brasil;Estados Unidos;132688;1523699
2018;Brasil;Estados Unidos;169109;512519
2019;Brasil;Estados Unidos;209765;616274
2020;Brasil;Estados Unidos;300178;610793
2021;Brasil;Estados Unidos;111085;203554
2022;Brasil;Estados Unidos;220373;447893
2023;Brasil;Estados Unidos;229839;429091
2008;Brasil;Estonia;4114;9730
2009;Brasil;Estonia;5438;10802
2010;Brasil;Estonia;15848;40778
2011;Brasil;Estonia;450;5336
2012;Brasil;Estonia;3321;19384
2013;Brasil;Estonia;0;0
2014;Brasil;Estonia;0;0
2015;Brasil;Estonia;0;0
2016;Brasil;Estonia;900;4800
2017;Brasil;Estonia;0;0
2018;Brasil;Estonia;0;0
2019;Brasil;Estonia;0;0
2020;Brasil;Estonia;0;0
2021;Brasil;Estonia;0;0
2022;Brasil;Estonia;0;0
2023;Brasil;Estonia;0;0
2008;Brasil;Filipinas;0;0
2009;Brasil;Filipinas;0;0
2010;Brasil;Filipinas;0;0
2011;Brasil;Filipinas;0;0
2012;Brasil;Filipinas;0;0
2013;Brasil;Filipinas;0;0
2014;Brasil;Filipinas;0;0
2015;Brasil;Filipinas;0;0
2016;Brasil;Filipinas;0;0
2017;Brasil;Filipinas;0;0
2018;Brasil;Filipinas;9608;16205
2019;Brasil;Filipinas;736;2486
2020;Brasil;Filipinas;719;1548
2021;Brasil;Filipinas;2784;10368
2022;Brasil;Filipinas;375;790
2023;Brasil;Filipinas;94;334
2008;Brasil;Finlandia;0;0
2009;Brasil;Finlandia;0;0
2010;Brasil;Finlandia;0;0
2011;Brasil;Finlandia;12404;50394
2012;Brasil;Finlandia;17100;67959
2013;Brasil;Finlandia;36682;283114
2014;Brasil;Finlandia;12960;94962
2015;Brasil;Finlandia;0;0
2016;Brasil;Finlandia;7617;41003
2017;Brasil;Finlandia;0;0
2018;Brasil;Finlandia;0;0
2019;Brasil;Finlandia;0;0
2020;Brasil;Finlandia;0;0
2021;Brasil;Finlandia;0;0
2022;Brasil;Finlandia;0;0
2023;Brasil;Finlandia;5;11
2008;Brasil;Franca;11078;27500
2009;Brasil;Franca;0;0
2010;Brasil;Franca;3614;18904
2011;Brasil;Franca;0;0
2012;Brasil;Franca;195604;185791
2013;Brasil;Franca;6885;42256
2014;Brasil;Franca;33755;167807
2015;Brasil;Franca;1596;4749
2016;Brasil;Franca;6037;30055
2017;Brasil;Franca;4253;21654
2018;Brasil;Franca;11077;48677
2019;Brasil;Franca;18286;67072
2020;Brasil;Franca;12622;57144
2021;Brasil;Franca;7052;23742
2022;Brasil;Franca;5694;25008
2023;Brasil;Franca;2265;14722
2008;Brasil;Gana;18168;25642
2009;Brasil;Gana;0;0
2010;Brasil;Gana;0;0
2011;Brasil;Gana;0;0
2012;Brasil;Gana;0;0
2013;Brasil;Gana;0;0
2014;Brasil;Gana;0;0
2015;Brasil;Gana;0;0
2016;Brasil;Gana;0;0
2017;Brasil;Gana;0;0
2018;Brasil;Gana;9000;13502
2019;Brasil;Gana;7673;10010
2020;Brasil;Gana;18810;22027
2021;Brasil;Gana;12578;19196
2022;Brasil;Gana;35949;49304
2023;Brasil;Gana;7237;29473
2008;Brasil;Gibraltar;0;0
2009;Brasil;Gibraltar;0;0
2010;Brasil;Gibraltar;0;0
2011;Brasil;Gibraltar;0;0
2012;Brasil;Gibraltar;0;0
2013;Brasil;Gibraltar;0;0
2014;Brasil;Gibraltar;0;0
2015;Brasil;Gibraltar;0;0
2016;Brasil;Gibraltar;0;0
2017;Brasil;Gibraltar;0;0
2018;Brasil;Gibraltar;0;0
2019;Brasil;Gibraltar;23;93
2020;Brasil;Gibraltar;769;2860
2021;Brasil;Gibraltar;0;0
2022;Brasil;Gibraltar;0;0
2023;Brasil;Gibraltar;0;0
2008;Brasil;Granada;0;0
2009;Brasil;Granada;0;0
2010;Brasil;Granada;0;0
2011;Brasil;Granada;0;0
2012;Brasil;Granada;0;0
2013;Brasil;Granada;0;0
2014;Brasil;Granada;0;0
2015;Brasil;Granada;0;0
2016;Brasil;Granada;0;0
2017;Brasil;Granada;0;0
2018;Brasil;Granada;0;0
2019;Brasil;Granada;0;0
2020;Brasil;Granada;0;0
2021;Brasil;Granada;0;0
2022;Brasil;Granada;5610;7914
2023;Brasil;Granada;0;0
2008;Brasil;Grecia;0;0
2009;Brasil;Grecia;0;0
2010;Brasil;Grecia;0;0
2011;Brasil;Grecia;0;0
2012;Brasil;Grecia;0;0
2013;Brasil;Grecia;0;0
2014;Brasil;Grecia;0;0
2015;Brasil;Grecia;0;0
2016;Brasil;Grecia;0;0
2017;Brasil;Grecia;0;0
2018;Brasil;Grecia;232;730
2019;Brasil;Grecia;561;1994
2020;Brasil;Grecia;6859;18092
2021;Brasil;Grecia;908;3014
2022;Brasil;Grecia;920;2426
2023;Brasil;Grecia;1294;3214
2008;Brasil;Guatemala;0;0
2009;Brasil;Guatemala;20;20
2010;Brasil;Guatemala;0;0
2011;Brasil;Guatemala;0;0
2012;Brasil;Guatemala;0;0
2013;Brasil;Guatemala;0;0
2014;Brasil;Guatemala;0;0
2015;Brasil;Guatemala;0;0
2016;Brasil;Guatemala;0;0
2017;Brasil;Guatemala;0;0
2018;Brasil;Guatemala;0;0
2019;Brasil;Guatemala;1597;8719
2020;Brasil;Guatemala;0;0
2021;Brasil;Guatemala;17347;29100
2022;Brasil;Guatemala;1283;5350
2023;Brasil;Guatemala;2053;3758
2008;Brasil;Guiana;0;0
2009;Brasil;Guiana;0;0
2010;Brasil;Guiana;783;3654
2011;Brasil;Guiana;0;0
2012;Brasil;Guiana;0;0
2013;Brasil;Guiana;0;0
2014;Brasil;Guiana;0;0
2015;Brasil;Guiana;0;0
2016;Brasil;Guiana;0;0
2017;Brasil;Guiana;0;0
2018;Brasil;Guiana;0;0
2019;Brasil;Guiana;424;1311
2020;Brasil;Guiana;990;2577
2021;Brasil;Guiana;2372;6525
2022;Brasil;Guiana;2064;5823
2023;Brasil;Guiana;33651;88715
2008;Brasil;Guiana Francesa;0;0
2009;Brasil;Guiana Francesa;0;0
2010;Brasil;Guiana Francesa;0;0
2011;Brasil;Guiana Francesa;0;0
2012;Brasil;Guiana Francesa;0;0
2013;Brasil;Guiana Francesa;0;0
2014;Brasil;Guiana Francesa;0;0
2015;Brasil;Guiana Francesa;0;0
2016;Brasil;Guiana Francesa;0;0
2017;Brasil;Guiana Francesa;0;0
2018;Brasil;Guiana Francesa;0;0
2019;Brasil;Guiana Francesa;0;0
2020;Brasil;Guiana Francesa;0;0
2021;Brasil;Guiana Francesa;90;32
2022;Brasil;Guiana Francesa;22;18
2023;Brasil;Guiana Francesa;0;0
2008;Brasil;Guine Bissau;0;0
2009;Brasil;Guine Bissau;0;0
2010;Brasil;Guine Bissau;0;0
2011;Brasil;Guine Bissau;0;0
2012;Brasil;Guine Bissau;0;0
2013;Brasil;Guine Bissau;0;0
2014;Brasil;Guine Bissau;0;0
2015;Brasil;Guine Bissau;0;0
2016;Brasil;Guine Bissau;0;0
2017;Brasil;Guine Bissau;48;90
2018;Brasil;Guine Bissau;0;0
2019;Brasil;Guine Bissau;0;0
2020;Brasil;Guine Bissau;0;0
2021;Brasil;Guine Bissau;0;0
2022;Brasil;Guine Bissau;0;0
2023;Brasil;Guine Bissau;0;0
2008;Brasil;Guine Equatorial;548;1417
2009;Brasil;Guine Equatorial;169;272
2010;Brasil;Guine Equatorial;410;1015
2011;Brasil;Guine Equatorial;956;1979
2012;Brasil;Guine Equatorial;819;2530
2013;Brasil;Guine Equatorial;1108;5336
2014;Brasil;Guine Equatorial;5646;11983
2015;Brasil;Guine Equatorial;0;0
2016;Brasil;Guine Equatorial;0;0
2017;Brasil;Guine Equatorial;2639;30563
2018;Brasil;Guine Equatorial;8389;26808
2019;Brasil;Guine Equatorial;0;0
2020;Brasil;Guine Equatorial;0;0
2021;Brasil;Guine Equatorial;0;0
2022;Brasil;Guine Equatorial;0;0
2023;Brasil;Guine Equatorial;0;0
2008;Brasil;Haiti;20;20
2009;Brasil;Haiti;4500;5863
2010;Brasil;Haiti;2700;3750
2011;Brasil;Haiti;0;0
2012;Brasil;Haiti;0;0
2013;Brasil;Haiti;0;0
2014;Brasil;Haiti;0;0
2015;Brasil;Haiti;0;0
2016;Brasil;Haiti;0;0
2017;Brasil;Haiti;0;0
2018;Brasil;Haiti;79500;144425
2019;Brasil;Haiti;81873;129803
2020;Brasil;Haiti;399128;471152
2021;Brasil;Haiti;670379;831181
2022;Brasil;Haiti;553503;741014
2023;Brasil;Haiti;559645;871661
2008;Brasil;Honduras;162;580
2009;Brasil;Honduras;14;30
2010;Brasil;Honduras;0;0
2011;Brasil;Honduras;0;0
2012;Brasil;Honduras;0;0
2013;Brasil;Honduras;0;0
2014;Brasil;Honduras;0;0
2015;Brasil;Honduras;0;0
2016;Brasil;Honduras;0;0
2017;Brasil;Honduras;0;0
2018;Brasil;Honduras;0;0
2019;Brasil;Honduras;0;0
2020;Brasil;Honduras;0;0
2021;Brasil;Honduras;0;0
2022;Brasil;Honduras;0;0
2023;Brasil;Honduras;0;0
2008;Brasil;Hong Kong;2430;13460
2009;Brasil;Hong Kong;50319;27188
2010;Brasil;Hong Kong;0;0
2011;Brasil;Hong Kong;2063;7975
2012;Brasil;Hong Kong;1609;7653
2013;Brasil;Hong Kong;16013;61224
2014;Brasil;Hong Kong;18130;63534
2015;Brasil;Hong Kong;1229;7837
2016;Brasil;Hong Kong;6975;86199
2017;Brasil;Hong Kong;1934;8180
2018;Brasil;Hong Kong;1742;9029
2019;Brasil;Hong Kong;9651;42020
2020;Brasil;Hong Kong;15159;41987
2021;Brasil;Hong Kong;12507;39390
2022;Brasil;Hong Kong;9371;38218
2023;Brasil;Hong Kong;16255;71025
2008;Brasil;Hungria;0;0
2009;Brasil;Hungria;0;0
2010;Brasil;Hungria;540;4103
2011;Brasil;Hungria;0;0
2012;Brasil;Hungria;0;0
2013;Brasil;Hungria;0;0
2014;Brasil;Hungria;0;0
2015;Brasil;Hungria;0;0
2016;Brasil;Hungria;0;0
2017;Brasil;Hungria;0;0
2018;Brasil;Hungria;0;0
2019;Brasil;Hungria;0;0
2020;Brasil;Hungria;0;0
2021;Brasil;Hungria;87;583
2022;Brasil;Hungria;0;0
2023;Brasil;Hungria;0;0
2008;Brasil;Ilha de Man;0;0
2009;Brasil;Ilha de Man;0;0
2010;Brasil;Ilha de Man;0;0
2011;Brasil;Ilha de Man;0;0
2012;Brasil;Ilha de Man;0;0
2013;Brasil;Ilha de Man;0;0
2014;Brasil;Ilha de Man;0;0
2015;Brasil;Ilha de Man;0;0
2016;Brasil;Ilha de Man;0;0
2017;Brasil;Ilha de Man;0;0
2018;Brasil;Ilha de Man;0;0
2019;Brasil;Ilha de Man;28;175
2020;Brasil;Ilha de Man;11;121
2021;Brasil;Ilha de Man;97;445
2022;Brasil;Ilha de Man;165;641
2023;Brasil;Ilha de Man;1428;4533
2008;Brasil;Ilhas Virgens;0;0
2009;Brasil;Ilhas Virgens;0;0
2010;Brasil;Ilhas Virgens;0;0
2011;Brasil;Ilhas Virgens;0;0
2012;Brasil;Ilhas Virgens;0;0
2013;Brasil;Ilhas Virgens;0;0
2014;Brasil;Ilhas Virgens;0;0
2015;Brasil;Ilhas Virgens;0;0
2016;Brasil;Ilhas Virgens;0;0
2017;Brasil;Ilhas Virgens;0;0
2018;Brasil;Ilhas Virgens;0;0
2019;Brasil;Ilhas Virgens;0;0
2020;Brasil;Ilhas Virgens;0;0
2021;Brasil;Ilhas Virgens;0;0
2022;Brasil;Ilhas Virgens;0;0
2023;Brasil;Ilhas Virgens;0;0
2008;Brasil;India;0;0
2009;Brasil;India;0;0
2010;Brasil;India;0;0
2011;Brasil;India;0;0
2012;Brasil;India;0;0
2013;Brasil;India;0;0
2014;Brasil;India;0;0
2015;Brasil;India;0;0
2016;Brasil;India;0;0
2017;Brasil;India;0;0
2018;Brasil;India;0;0
2019;Brasil;India;51;273
2020;Brasil;India;7;10
2021;Brasil;India;13;86
2022;Brasil;India;247;1021
2023;Brasil;India;60;170
2008;Brasil;Indonesia;0;0
2009;Brasil;Indonesia;0;0
2010;Brasil;Indonesia;0;0
2011;Brasil;Indonesia;0;0
2012;Brasil;Indonesia;0;0
2013;Brasil;Indonesia;0;0
2014;Brasil;Indonesia;0;0
2015;Brasil;Indonesia;0;0
2016;Brasil;Indonesia;0;0
2017;Brasil;Indonesia;0;0
2018;Brasil;Indonesia;0;0
2019;Brasil;Indonesia;0;0
2020;Brasil;Indonesia;5;6
2021;Brasil;Indonesia;0;0
2022;Brasil;Indonesia;0;0
2023;Brasil;Indonesia;9;30
2008;Brasil;Iraque;0;0
2009;Brasil;Iraque;0;0
2010;Brasil;Iraque;0;0
2011;Brasil;Iraque;0;0
2012;Brasil;Iraque;0;0
2013;Brasil;Iraque;0;0
2014;Brasil;Iraque;0;0
2015;Brasil;Iraque;0;0
2016;Brasil;Iraque;0;0
2017;Brasil;Iraque;0;0
2018;Brasil;Iraque;0;0
2019;Brasil;Iraque;0;0
2020;Brasil;Iraque;0;0
2021;Brasil;Iraque;0;0
2022;Brasil;Iraque;0;0
2023;Brasil;Iraque;0;0
2008;Brasil;Irlanda;0;0
2009;Brasil;Irlanda;0;0
2010;Brasil;Irlanda;3969;42795
2011;Brasil;Irlanda;5376;35690
2012;Brasil;Irlanda;0;0
2013;Brasil;Irlanda;0;0
2014;Brasil;Irlanda;0;0
2015;Brasil;Irlanda;0;0
2016;Brasil;Irlanda;0;0
2017;Brasil;Irlanda;0;0
2018;Brasil;Irlanda;7560;25767
2019;Brasil;Irlanda;0;0
2020;Brasil;Irlanda;29;257
2021;Brasil;Irlanda;36;208
2022;Brasil;Irlanda;0;0
2023;Brasil;Irlanda;150;377
2008;Brasil;Ira;0;0
2009;Brasil;Ira;0;0
2010;Brasil;Ira;0;0
2011;Brasil;Ira;0;0
2012;Brasil;Ira;0;0
2013;Brasil;Ira;0;0
2014;Brasil;Ira;0;0
2015;Brasil;Ira;0;0
2016;Brasil;Ira;0;0
2017;Brasil;Ira;0;0
2018;Brasil;Ira;0;0
2019;Brasil;Ira;0;0
2020;Brasil;Ira;21;35
2021;Brasil;Ira;116;287
2022;Brasil;Ira;47;90
2023;Brasil;Ira;0;0
2008;Brasil;Italia;0;0
2009;Brasil;Italia;1817;5251
2010;Brasil;Italia;1458;4828
2011;Brasil;Italia;11999;80298
2012;Brasil;Italia;792;5622
2013;Brasil;Italia;1710;11967
2014;Brasil;Italia;604;2492
2015;Brasil;Italia;0;0
2016;Brasil;Italia;585;3465
2017;Brasil;Italia;468;2248
2018;Brasil;Italia;3661;13260
2019;Brasil;Italia;587;1625
2020;Brasil;Italia;91;376
2021;Brasil;Italia;696;3715
2022;Brasil;Italia;1129;6151
2023;Brasil;Italia;2922;27665
2008;Brasil;Jamaica;0;0
2009;Brasil;Jamaica;0;0
2010;Brasil;Jamaica;0;0
2011;Brasil;Jamaica;0;0
2012;Brasil;Jamaica;0;0
2013;Brasil;Jamaica;0;0
2014;Brasil;Jamaica;0;0
2015;Brasil;Jamaica;0;0
2016;Brasil;Jamaica;0;0
2017;Brasil;Jamaica;0;0
2018;Brasil;Jamaica;0;0
2019;Brasil;Jamaica;0;0
2020;Brasil;Jamaica;0;0
2021;Brasil;Jamaica;0;0
2022;Brasil;Jamaica;0;0
2023;Brasil;Jamaica;0;0
2008;Brasil;Japao;232293;178333
2009;Brasil;Japao;217974;283436
2010;Brasil;Japao;112178;74628
2011;Brasil;Japao;100835;144662
2012;Brasil;Japao;29281;116961
2013;Brasil;Japao;91988;429088
2014;Brasil;Japao;106426;401774
2015;Brasil;Japao;31597;87853
2016;Brasil;Japao;34341;90954
2017;Brasil;Japao;33909;92886
2018;Brasil;Japao;36992;112342
2019;Brasil;Japao;40621;99642
2020;Brasil;Japao;36442;92674
2021;Brasil;Japao;39491;90275
2022;Brasil;Japao;37324;82208
2023;Brasil;Japao;22942;57780
2008;Brasil;Jordania;0;0
2009;Brasil;Jordania;0;0
2010;Brasil;Jordania;0;0
2011;Brasil;Jordania;0;0
2012;Brasil;Jordania;0;0
2013;Brasil;Jordania;0;0
2014;Brasil;Jordania;0;0
2015;Brasil;Jordania;0;0
2016;Brasil;Jordania;0;0
2017;Brasil;Jordania;0;0
2018;Brasil;Jordania;0;0
2019;Brasil;Jordania;0;0
2020;Brasil;Jordania;12;52
2021;Brasil;Jordania;0;0
2022;Brasil;Jordania;0;0
2023;Brasil;Jordania;0;0
2008;Brasil;Letonia;0;0
2009;Brasil;Letonia;0;0
2010;Brasil;Letonia;0;0
2011;Brasil;Letonia;0;0
2012;Brasil;Letonia;0;0
2013;Brasil;Letonia;0;0
2014;Brasil;Letonia;0;0
2015;Brasil;Letonia;0;0
2016;Brasil;Letonia;0;0
2017;Brasil;Letonia;387;3723
2018;Brasil;Letonia;0;0
2019;Brasil;Letonia;0;0
2020;Brasil;Letonia;0;0
2021;Brasil;Letonia;0;0
2022;Brasil;Letonia;0;0
2023;Brasil;Letonia;8;8
2008;Brasil;Liberia;0;0
2009;Brasil;Liberia;0;0
2010;Brasil;Liberia;0;0
2011;Brasil;Liberia;0;0
2012;Brasil;Liberia;0;0
2013;Brasil;Liberia;0;0
2014;Brasil;Liberia;0;0
2015;Brasil;Liberia;0;0
2016;Brasil;Liberia;0;0
2017;Brasil;Liberia;0;0
2018;Brasil;Liberia;658;3100
2019;Brasil;Liberia;4441;20068
2020;Brasil;Liberia;5155;17624
2021;Brasil;Liberia;7554;23060
2022;Brasil;Liberia;9145;34815
2023;Brasil;Liberia;39784;42463
2008;Brasil;Luxemburgo;13606;42341
2009;Brasil;Luxemburgo;7845;42124
2010;Brasil;Luxemburgo;7344;32549
2011;Brasil;Luxemburgo;9547;65592
2012;Brasil;Luxemburgo;2444;16547
2013;Brasil;Luxemburgo;5135;29474
2014;Brasil;Luxemburgo;8281;52400
2015;Brasil;Luxemburgo;2295;17358
2016;Brasil;Luxemburgo;2759;21426
2017;Brasil;Luxemburgo;2719;21947
2018;Brasil;Luxemburgo;1778;11053
2019;Brasil;Luxemburgo;1666;11211
2020;Brasil;Luxemburgo;1086;5110
2021;Brasil;Luxemburgo;0;0
2022;Brasil;Luxemburgo;36;802
2023;Brasil;Luxemburgo;581;7048
2008;Brasil;Libano;0;0
2009;Brasil;Libano;0;0
2010;Brasil;Libano;0;0
2011;Brasil;Libano;0;0
2012;Brasil;Libano;0;0
2013;Brasil;Libano;0;0
2014;Brasil;Libano;0;0
2015;Brasil;Libano;0;0
2016;Brasil;Libano;0;0
2017;Brasil;Libano;0;0
2018;Brasil;Libano;0;0
2019;Brasil;Libano;0;0
2020;Brasil;Libano;0;0
2021;Brasil;Libano;0;0
2022;Brasil;Libano;0;0
2023;Brasil;Libano;0;0
2008;Brasil;Macau;0;0
2009;Brasil;Macau;0;0
2010;Brasil;Macau;0;0
2011;Brasil;Macau;0;0
2012;Brasil;Macau;0;0
2013;Brasil;Macau;0;0
2014;Brasil;Macau;0;0
2015;Brasil;Macau;0;0
2016;Brasil;Macau;0;0
2017;Brasil;Macau;0;0
2018;Brasil;Macau;0;0
2019;Brasil;Macau;0;0
2020;Brasil;Macau;0;0
2021;Brasil;Macau;0;0
2022;Brasil;Macau;0;0
2023;Brasil;Macau;7;6
2008;Brasil;Malavi;0;0
2009;Brasil;Malavi;0;0
2010;Brasil;Malavi;0;0
2011;Brasil;Malavi;0;0
2012;Brasil;Malavi;0;0
2013;Brasil;Malavi;0;0
2014;Brasil;Malavi;0;0
2015;Brasil;Malavi;0;0
2016;Brasil;Malavi;0;0
2017;Brasil;Malavi;0;0
2018;Brasil;Malavi;0;0
2019;Brasil;Malavi;0;0
2020;Brasil;Malavi;0;0
2021;Brasil;Malavi;0;0
2022;Brasil;Malavi;0;0
2023;Brasil;Malavi;3660;6252
2008;Brasil;Malta;0;0
2009;Brasil;Malta;0;0
2010;Brasil;Malta;0;0
2011;Brasil;Malta;0;0
2012;Brasil;Malta;0;0
2013;Brasil;Malta;0;0
2014;Brasil;Malta;0;0
2015;Brasil;Malta;0;0
2016;Brasil;Malta;0;0
2017;Brasil;Malta;0;0
2018;Brasil;Malta;503;1192
2019;Brasil;Malta;3661;8828
2020;Brasil;Malta;3490;9688
2021;Brasil;Malta;3441;15454
2022;Brasil;Malta;3127;15587
2023;Brasil;Malta;6561;24199
2008;Brasil;Malasia;0;0
2009;Brasil;Malasia;0;0
2010;Brasil;Malasia;0;0
2011;Brasil;Malasia;0;0
2012;Brasil;Malasia;0;0
2013;Brasil;Malasia;0;0
2014;Brasil;Malasia;0;0
2015;Brasil;Malasia;0;0
2016;Brasil;Malasia;0;0
2017;Brasil;Malasia;0;0
2018;Brasil;Malasia;15;33
2019;Brasil;Malasia;48;110
2020;Brasil;Malasia;0;0
2021;Brasil;Malasia;0;0
2022;Brasil;Malasia;0;0
2023;Brasil;Malasia;0;0
2008;Brasil;Marshall, Ilhas;0;0
2009;Brasil;Marshall, Ilhas;0;0
2010;Brasil;Marshall, Ilhas;0;0
2011;Brasil;Marshall, Ilhas;0;0
2012;Brasil;Marshall, Ilhas;0;0
2013;Brasil;Marshall, Ilhas;0;0
2014;Brasil;Marshall, Ilhas;0;0
2015;Brasil;Marshall, Ilhas;0;0
2016;Brasil;Marshall, Ilhas;0;0
2017;Brasil;Marshall, Ilhas;0;0
2018;Brasil;Marshall, Ilhas;923;2436
2019;Brasil;Marshall, Ilhas;7276;15786
2020;Brasil;Marshall, Ilhas;6270;19639
2021;Brasil;Marshall, Ilhas;8644;22561
2022;Brasil;Marshall, Ilhas;7240;27178
2023;Brasil;Marshall, Ilhas;7417;31691
2008;Brasil;Martinica;0;0
2009;Brasil;Martinica;0;0
2010;Brasil;Martinica;0;0
2011;Brasil;Martinica;0;0
2012;Brasil;Martinica;0;0
2013;Brasil;Martinica;0;0
2014;Brasil;Martinica;0;0
2015;Brasil;Martinica;0;0
2016;Brasil;Martinica;0;0
2017;Brasil;Martinica;0;0
2018;Brasil;Martinica;0;0
2019;Brasil;Martinica;0;0
2020;Brasil;Martinica;0;0
2021;Brasil;Martinica;0;0
2022;Brasil;Martinica;0;0
2023;Brasil;Martinica;9;31
2008;Brasil;Mauritania;0;0
2009;Brasil;Mauritania;0;0
2010;Brasil;Mauritania;0;0
2011;Brasil;Mauritania;0;0
2012;Brasil;Mauritania;0;0
2013;Brasil;Mauritania;0;0
2014;Brasil;Mauritania;0;0
2015;Brasil;Mauritania;0;0
2016;Brasil;Mauritania;0;0
2017;Brasil;Mauritania;0;0
2018;Brasil;Mauritania;0;0
2019;Brasil;Mauritania;0;0
2020;Brasil;Mauritania;0;0
2021;Brasil;Mauritania;9;85
2022;Brasil;Mauritania;0;0
2023;Brasil;Mauritania;0;0
2008;Brasil;Montenegro;0;0
2009;Brasil;Montenegro;0;0
2010;Brasil;Montenegro;0;0
2011;Brasil;Montenegro;0;0
2012;Brasil;Montenegro;0;0
2013;Brasil;Montenegro;0;0
2014;Brasil;Montenegro;0;0
2015;Brasil;Montenegro;0;0
2016;Brasil;Montenegro;0;0
2017;Brasil;Montenegro;0;0
2018;Brasil;Montenegro;0;0
2019;Brasil;Montenegro;9;46
2020;Brasil;Montenegro;9;20
2021;Brasil;Montenegro;14;65
2022;Brasil;Montenegro;0;0
2023;Brasil;Montenegro;0;0
2008;Brasil;Mocambique;0;0
2009;Brasil;Mocambique;0;0
2010;Brasil;Mocambique;0;0
2011;Brasil;Mocambique;0;0
2012;Brasil;Mocambique;0;0
2013;Brasil;Mocambique;0;0
2014;Brasil;Mocambique;0;0
2015;Brasil;Mocambique;0;0
2016;Brasil;Mocambique;0;0
2017;Brasil;Mocambique;0;0
2018;Brasil;Mocambique;0;0
2019;Brasil;Mocambique;0;0
2020;Brasil;Mocambique;0;0
2021;Brasil;Mocambique;0;0
2022;Brasil;Mocambique;383;1927
2023;Brasil;Mocambique;0;0
2008;Brasil;Mexico;0;0
2009;Brasil;Mexico;0;0
2010;Brasil;Mexico;0;0
2011;Brasil;Mexico;1350;7200
2012;Brasil;Mexico;0;0
2013;Brasil;Mexico;0;0
2014;Brasil;Mexico;1521;24336
2015;Brasil;Mexico;0;0
2016;Brasil;Mexico;0;0
2017;Brasil;Mexico;664;2292
2018;Brasil;Mexico;2748;9744
2019;Brasil;Mexico;4;4
2020;Brasil;Mexico;24;226
2021;Brasil;Mexico;9;2
2022;Brasil;Mexico;6;33
2023;Brasil;Mexico;3;19
2008;Brasil;Namibia;340;722
2009;Brasil;Namibia;0;0
2010;Brasil;Namibia;0;0
2011;Brasil;Namibia;0;0
2012;Brasil;Namibia;0;0
2013;Brasil;Namibia;0;0
2014;Brasil;Namibia;0;0
2015;Brasil;Namibia;0;0
2016;Brasil;Namibia;0;0
2017;Brasil;Namibia;0;0
2018;Brasil;Namibia;0;0
2019;Brasil;Namibia;0;0
2020;Brasil;Namibia;0;0
2021;Brasil;Namibia;0;0
2022;Brasil;Namibia;0;0
2023;Brasil;Namibia;0;0
2008;Brasil;Nicaragua;0;0
2009;Brasil;Nicaragua;24;24
2010;Brasil;Nicaragua;0;0
2011;Brasil;Nicaragua;0;0
2012;Brasil;Nicaragua;0;0
2013;Brasil;Nicaragua;0;0
2014;Brasil;Nicaragua;0;0
2015;Brasil;Nicaragua;0;0
2016;Brasil;Nicaragua;0;0
2017;Brasil;Nicaragua;0;0
2018;Brasil;Nicaragua;0;0
2019;Brasil;Nicaragua;0;0
2020;Brasil;Nicaragua;0;0
2021;Brasil;Nicaragua;0;0
2022;Brasil;Nicaragua;0;0
2023;Brasil;Nicaragua;0;0
2008;Brasil;Nigeria;7560;10920
2009;Brasil;Nigeria;41;115
2010;Brasil;Nigeria;0;0
2011;Brasil;Nigeria;54;210
2012;Brasil;Nigeria;6449;10196
2013;Brasil;Nigeria;1350;2245
2014;Brasil;Nigeria;0;0
2015;Brasil;Nigeria;0;0
2016;Brasil;Nigeria;0;0
2017;Brasil;Nigeria;0;0
2018;Brasil;Nigeria;5175;6250
2019;Brasil;Nigeria;28437;38555
2020;Brasil;Nigeria;12094;26514
2021;Brasil;Nigeria;68247;113172
2022;Brasil;Nigeria;32234;50283
2023;Brasil;Nigeria;10800;16464
2008;Brasil;Noruega;0;0
2009;Brasil;Noruega;0;0
2010;Brasil;Noruega;0;0
2011;Brasil;Noruega;10268;78688
2012;Brasil;Noruega;5104;31515
2013;Brasil;Noruega;2375;19008
2014;Brasil;Noruega;7179;50464
2015;Brasil;Noruega;1058;6021
2016;Brasil;Noruega;0;0
2017;Brasil;Noruega;0;0
2018;Brasil;Noruega;1295;9847
2019;Brasil;Noruega;628;3139
2020;Brasil;Noruega;1859;15134
2021;Brasil;Noruega;1878;8320
2022;Brasil;Noruega;2711;40316
2023;Brasil;Noruega;861;4243
2008;Brasil;Nova Caledonia;0;0
2009;Brasil;Nova Caledonia;0;0
2010;Brasil;Nova Caledonia;0;0
2011;Brasil;Nova Caledonia;0;0
2012;Brasil;Nova Caledonia;0;0
2013;Brasil;Nova Caledonia;0;0
2014;Brasil;Nova Caledonia;0;0
2015;Brasil;Nova Caledonia;0;0
2016;Brasil;Nova Caledonia;0;0
2017;Brasil;Nova Caledonia;0;0
2018;Brasil;Nova Caledonia;0;0
2019;Brasil;Nova Caledonia;0;0
2020;Brasil;Nova Caledonia;0;0
2021;Brasil;Nova Caledonia;7227;11924
2022;Brasil;Nova Caledonia;0;0
2023;Brasil;Nova Caledonia;0;0
2008;Brasil;Nova Zelandia;0;0
2009;Brasil;Nova Zelandia;0;0
2010;Brasil;Nova Zelandia;0;0
2011;Brasil;Nova Zelandia;2587;7992
2012;Brasil;Nova Zelandia;2364;8817
2013;Brasil;Nova Zelandia;1004;4092
2014;Brasil;Nova Zelandia;2800;13675
2015;Brasil;Nova Zelandia;809;3476
2016;Brasil;Nova Zelandia;504;9472
2017;Brasil;Nova Zelandia;1678;8140
2018;Brasil;Nova Zelandia;969;5565
2019;Brasil;Nova Zelandia;500;2832
2020;Brasil;Nova Zelandia;95;515
2021;Brasil;Nova Zelandia;657;10477
2022;Brasil;Nova Zelandia;63;156
2023;Brasil;Nova Zelandia;338;7177
2008;Brasil;Oma;0;0
2009;Brasil;Oma;0;0
2010;Brasil;Oma;0;0
2011;Brasil;Oma;0;0
2012;Brasil;Oma;0;0
2013;Brasil;Oma;0;0
2014;Brasil;Oma;0;0
2015;Brasil;Oma;0;0
2016;Brasil;Oma;0;0
2017;Brasil;Oma;0;0
2018;Brasil;Oma;0;0
2019;Brasil;Oma;0;0
2020;Brasil;Oma;0;0
2021;Brasil;Oma;0;0
2022;Brasil;Oma;194;670
2023;Brasil;Oma;0;0
2008;Brasil;Palau;0;0
2009;Brasil;Palau;0;0
2010;Brasil;Palau;0;0
2011;Brasil;Palau;0;0
2012;Brasil;Palau;0;0
2013;Brasil;Palau;0;0
2014;Brasil;Palau;0;0
2015;Brasil;Palau;0;0
2016;Brasil;Palau;0;0
2017;Brasil;Palau;0;0
2018;Brasil;Palau;0;0
2019;Brasil;Palau;0;0
2020;Brasil;Palau;0;0
2021;Brasil;Palau;0;0
2022;Brasil;Palau;0;0
2023;Brasil;Palau;45;143
2008;Brasil;Panama;1161;1882
2009;Brasil;Panama;24;30
2010;Brasil;Panama;0;0
2011;Brasil;Panama;0;0
2012;Brasil;Panama;39;2262
2013;Brasil;Panama;0;0
2014;Brasil;Panama;0;0
2015;Brasil;Panama;0;0
2016;Brasil;Panama;0;0
2017;Brasil;Panama;0;0
2018;Brasil;Panama;1183;3117
2019;Brasil;Panama;7918;29017
2020;Brasil;Panama;10821;28372
2021;Brasil;Panama;29520;48444
2022;Brasil;Panama;11490;49392
2023;Brasil;Panama;14785;68173
2008;Brasil;Paraguai;2191901;1374088
2009;Brasil;Paraguai;486927;392087
2010;Brasil;Paraguai;510989;449197
2011;Brasil;Paraguai;240168;276281
2012;Brasil;Paraguai;354824;428279
2013;Brasil;Paraguai;481564;680828
2014;Brasil;Paraguai;521847;908028
2015;Brasil;Paraguai;495428;741370
2016;Brasil;Paraguai;985739;1655417
2017;Brasil;Paraguai;2393468;4274650
2018;Brasil;Paraguai;3234168;5494321
2019;Brasil;Paraguai;2419537;3826587
2020;Brasil;Paraguai;3299013;3869243
2021;Brasil;Paraguai;6522527;7192362
2022;Brasil;Paraguai;5076670;7156293
2023;Brasil;Paraguai;3780378;5517263
2008;Brasil;Paises Baixos;340412;783635
2009;Brasil;Paises Baixos;171654;136991
2010;Brasil;Paises Baixos;87368;302182
2011;Brasil;Paises Baixos;125414;395356
2012;Brasil;Paises Baixos;134879;539641
2013;Brasil;Paises Baixos;57792;255690
2014;Brasil;Paises Baixos;165289;773767
2015;Brasil;Paises Baixos;44987;186464
2016;Brasil;Paises Baixos;42953;190203
2017;Brasil;Paises Baixos;0;0
2018;Brasil;Paises Baixos;9451;32395
2019;Brasil;Paises Baixos;44882;148031
2020;Brasil;Paises Baixos;248;1532
2021;Brasil;Paises Baixos;3791;8484
2022;Brasil;Paises Baixos;7034;37240
2023;Brasil;Paises Baixos;2244;4958
2008;Brasil;Peru;0;0
2009;Brasil;Peru;0;0
2010;Brasil;Peru;0;0
2011;Brasil;Peru;0;0
2012;Brasil;Peru;0;0
2013;Brasil;Peru;0;0
2014;Brasil;Peru;0;0
2015;Brasil;Peru;0;0
2016;Brasil;Peru;0;0
2017;Brasil;Peru;0;0
2018;Brasil;Peru;5193;19372
2019;Brasil;Peru;9755;17310
2020;Brasil;Peru;0;0
2021;Brasil;Peru;9720;17107
2022;Brasil;Peru;0;0
2023;Brasil;Peru;47277;84282
2008;Brasil;Pitcairn;0;0
2009;Brasil;Pitcairn;0;0
2010;Brasil;Pitcairn;0;0
2011;Brasil;Pitcairn;0;0
2012;Brasil;Pitcairn;0;0
2013;Brasil;Pitcairn;0;0
2014;Brasil;Pitcairn;0;0
2015;Brasil;Pitcairn;0;0
2016;Brasil;Pitcairn;0;0
2017;Brasil;Pitcairn;0;0
2018;Brasil;Pitcairn;0;0
2019;Brasil;Pitcairn;0;0
2020;Brasil;Pitcairn;0;0
2021;Brasil;Pitcairn;0;0
2022;Brasil;Pitcairn;0;0
2023;Brasil;Pitcairn;11;22
2008;Brasil;Polonia;20290;58353
2009;Brasil;Polonia;6982;35797
2010;Brasil;Polonia;20464;95198
2011;Brasil;Polonia;11732;50684
2012;Brasil;Polonia;21663;89158
2013;Brasil;Polonia;19249;90960
2014;Brasil;Polonia;30181;107957
2015;Brasil;Polonia;11654;42781
2016;Brasil;Polonia;11457;35402
2017;Brasil;Polonia;0;0
2018;Brasil;Polonia;720;4679
2019;Brasil;Polonia;5;11
2020;Brasil;Polonia;74;86
2021;Brasil;Polonia;4;14
2022;Brasil;Polonia;0;0
2023;Brasil;Polonia;298;590
2008;Brasil;Porto Rico;0;0
2009;Brasil;Porto Rico;0;0
2010;Brasil;Porto Rico;0;0
2011;Brasil;Porto Rico;0;0
2012;Brasil;Porto Rico;0;0
2013;Brasil;Porto Rico;0;0
2014;Brasil;Porto Rico;0;0
2015;Brasil;Porto Rico;0;0
2016;Brasil;Porto Rico;0;0
2017;Brasil;Porto Rico;0;0
2018;Brasil;Porto Rico;0;0
2019;Brasil;Porto Rico;0;0
2020;Brasil;Porto Rico;0;0
2021;Brasil;Porto Rico;0;0
2022;Brasil;Porto Rico;0;0
2023;Brasil;Porto Rico;0;0
2008;Brasil;Portugal;49090;48942
2009;Brasil;Portugal;141000;168923
2010;Brasil;Portugal;4577;18970
2011;Brasil;Portugal;95;1031
2012;Brasil;Portugal;47172;47022
2013;Brasil;Portugal;23810;17627
2014;Brasil;Portugal;71544;79141
2015;Brasil;Portugal;47736;42586
2016;Brasil;Portugal;0;0
2017;Brasil;Portugal;0;0
2018;Brasil;Portugal;0;0
2019;Brasil;Portugal;18328;72413
2020;Brasil;Portugal;7958;34518
2021;Brasil;Portugal;6358;42633
2022;Brasil;Portugal;1918;7613
2023;Brasil;Portugal;13742;46311
2008;Brasil;Quenia;0;0
2009;Brasil;Quenia;0;0
2010;Brasil;Quenia;0;0
2011;Brasil;Quenia;0;0
2012;Brasil;Quenia;94;458
2013;Brasil;Quenia;6;4
2014;Brasil;Quenia;0;0
2015;Brasil;Quenia;0;0
2016;Brasil;Quenia;0;0
2017;Brasil;Quenia;0;0
2018;Brasil;Quenia;6771;31225
2019;Brasil;Quenia;0;0
2020;Brasil;Quenia;0;0
2021;Brasil;Quenia;0;0
2022;Brasil;Quenia;1440;2080
2023;Brasil;Quenia;0;0
2008;Brasil;Reino Unido;100097;155076
2009;Brasil;Reino Unido;30092;68788
2010;Brasil;Reino Unido;123624;295690
2011;Brasil;Reino Unido;122629;285642
2012;Brasil;Reino Unido;82937;334856
2013;Brasil;Reino Unido;59161;305005
2014;Brasil;Reino Unido;305807;1373747
2015;Brasil;Reino Unido;68382;308407
2016;Brasil;Reino Unido;117044;536681
2017;Brasil;Reino Unido;60711;242883
2018;Brasil;Reino Unido;67708;296827
2019;Brasil;Reino Unido;34295;164592
2020;Brasil;Reino Unido;22913;82722
2021;Brasil;Reino Unido;25316;122394
2022;Brasil;Reino Unido;18835;138154
2023;Brasil;Reino Unido;11326;84547
2008;Brasil;Republica Dominicana;0;0
2009;Brasil;Republica Dominicana;0;0
2010;Brasil;Republica Dominicana;0;0
2011;Brasil;Republica Dominicana;0;0
2012;Brasil;Republica Dominicana;0;0
2013;Brasil;Republica Dominicana;0;0
2014;Brasil;Republica Dominicana;0;0
2015;Brasil;Republica Dominicana;0;0
2016;Brasil;Republica Dominicana;0;0
2017;Brasil;Republica Dominicana;0;0
2018;Brasil;Republica Dominicana;0;0
2019;Brasil;Republica Dominicana;0;0
2020;Brasil;Republica Dominicana;0;0
2021;Brasil;Republica Dominicana;0;0
2022;Brasil;Republica Dominicana;0;0
2023;Brasil;Republica Dominicana;0;0
2008;Brasil;Russia;6207658;2352768
2009;Brasil;Russia;21912914;5732280
2010;Brasil;Russia;0;0
2011;Brasil;Russia;0;0
2012;Brasil;Russia;4528176;2103968
2013;Brasil;Russia;5893291;14795694
2014;Brasil;Russia;190656;61440
2015;Brasil;Russia;47664;18240
2016;Brasil;Russia;0;0
2017;Brasil;Russia;0;0
2018;Brasil;Russia;0;0
2019;Brasil;Russia;0;0
2020;Brasil;Russia;1463;8550
2021;Brasil;Russia;181931;312926
2022;Brasil;Russia;66046;118618
2023;Brasil;Russia;0;0
2008;Brasil;Senegal;0;0
2009;Brasil;Senegal;0;0
2010;Brasil;Senegal;0;0
2011;Brasil;Senegal;0;0
2012;Brasil;Senegal;0;0
2013;Brasil;Senegal;0;0
2014;Brasil;Senegal;0;0
2015;Brasil;Senegal;0;0
2016;Brasil;Senegal;0;0
2017;Brasil;Senegal;0;0
2018;Brasil;Senegal;0;0
2019;Brasil;Senegal;0;0
2020;Brasil;Senegal;0;0
2021;Brasil;Senegal;0;0
2022;Brasil;Senegal;0;0
2023;Brasil;Senegal;0;0
2008;Brasil;Serra Leoa;0;0
2009;Brasil;Serra Leoa;0;0
2010;Brasil;Serra Leoa;0;0
2011;Brasil;Serra Leoa;0;0
2012;Brasil;Serra Leoa;0;0
2013;Brasil;Serra Leoa;0;0
2014;Brasil;Serra Leoa;0;0
2015;Brasil;Serra Leoa;0;0
2016;Brasil;Serra Leoa;0;0
2017;Brasil;Serra Leoa;0;0
2018;Brasil;Serra Leoa;0;0
2019;Brasil;Serra Leoa;18;717
2020;Brasil;Serra Leoa;9240;13050
2021;Brasil;Serra Leoa;6525;12955
2022;Brasil;Serra Leoa;8101;15182
2023;Brasil;Serra Leoa;23200;38548
2008;Brasil;Singapura;1233;4699
2009;Brasil;Singapura;2419;6110
2010;Brasil;Singapura;1533;5504
2011;Brasil;Singapura;911;3317
2012;Brasil;Singapura;1212;5310
2013;Brasil;Singapura;766;5779
2014;Brasil;Singapura;541;3887
2015;Brasil;Singapura;1116;2774
2016;Brasil;Singapura;5445;13199
2017;Brasil;Singapura;0;0
2018;Brasil;Singapura;3298;11616
2019;Brasil;Singapura;5044;19099
2020;Brasil;Singapura;4049;9316
2021;Brasil;Singapura;4504;14346
2022;Brasil;Singapura;4322;15434
2023;Brasil;Singapura;3941;19781
2008;Brasil;Suazilandia;0;0
2009;Brasil;Suazilandia;0;0
2010;Brasil;Suazilandia;0;0
2011;Brasil;Suazilandia;0;0
2012;Brasil;Suazilandia;0;0
2013;Brasil;Suazilandia;0;0
2014;Brasil;Suazilandia;0;0
2015;Brasil;Suazilandia;0;0
2016;Brasil;Suazilandia;0;0
2017;Brasil;Suazilandia;0;0
2018;Brasil;Suazilandia;0;0
2019;Brasil;Suazilandia;0;0
2020;Brasil;Suazilandia;0;0
2021;Brasil;Suazilandia;10;24
2022;Brasil;Suazilandia;0;0
2023;Brasil;Suazilandia;0;0
2008;Brasil;Suriname;900;1625
2009;Brasil;Suriname;3830;12918
2010;Brasil;Suriname;1836;1269
2011;Brasil;Suriname;3774;3735
2012;Brasil;Suriname;396;1288
2013;Brasil;Suriname;1800;2960
2014;Brasil;Suriname;6;19
2015;Brasil;Suriname;453;713
2016;Brasil;Suriname;900;1375
2017;Brasil;Suriname;3690;5638
2018;Brasil;Suriname;0;0
2019;Brasil;Suriname;3206;4741
2020;Brasil;Suriname;4185;5277
2021;Brasil;Suriname;900;1472
2022;Brasil;Suriname;1225;3360
2023;Brasil;Suriname;3105;5235
2008;Brasil;Suecia;26984;84564
2009;Brasil;Suecia;28334;52826
2010;Brasil;Suecia;0;0
2011;Brasil;Suecia;1641;14476
2012;Brasil;Suecia;2705;17280
2013;Brasil;Suecia;3195;20183
2014;Brasil;Suecia;10404;51057
2015;Brasil;Suecia;1412;6404
2016;Brasil;Suecia;291;1214
2017;Brasil;Suecia;15445;64953
2018;Brasil;Suecia;8062;34563
2019;Brasil;Suecia;28;761
2020;Brasil;Suecia;6;24
2021;Brasil;Suecia;23;74
2022;Brasil;Suecia;5;18
2023;Brasil;Suecia;0;0
2008;Brasil;Suica;54384;216317
2009;Brasil;Suica;27653;81319
2010;Brasil;Suica;2025;21600
2011;Brasil;Suica;0;0
2012;Brasil;Suica;4014;47240
2013;Brasil;Suica;2997;29785
2014;Brasil;Suica;27933;231762
2015;Brasil;Suica;15872;85790
2016;Brasil;Suica;4230;33340
2017;Brasil;Suica;6525;74816
2018;Brasil;Suica;0;0
2019;Brasil;Suica;2223;28503
2020;Brasil;Suica;2827;27930
2021;Brasil;Suica;627;6999
2022;Brasil;Suica;1584;20863
2023;Brasil;Suica;2500;28763
2008;Brasil;Sao Cristovao e Nevis;0;0
2009;Brasil;Sao Cristovao e Nevis;0;0
2010;Brasil;Sao Cristovao e Nevis;0;0
2011;Brasil;Sao Cristovao e Nevis;0;0
2012;Brasil;Sao Cristovao e Nevis;0;0
2013;Brasil;Sao Cristovao e Nevis;0;0
2014;Brasil;Sao Cristovao e Nevis;0;0
2015;Brasil;Sao Cristovao e Nevis;0;0
2016;Brasil;Sao Cristovao e Nevis;0;0
2017;Brasil;Sao Cristovao e Nevis;0;0
2018;Brasil;Sao Cristovao e Nevis;0;0
2019;Brasil;Sao Cristovao e Nevis;0;0
2020;Brasil;Sao Cristovao e Nevis;0;0
2021;Brasil;Sao Cristovao e Nevis;0;0
2022;Brasil;Sao Cristovao e Nevis;0;0
2023;Brasil;Sao Cristovao e Nevis;16;31
2008;Brasil;Sao Tome e Principe;0;0
2009;Brasil;Sao Tome e Principe;0;0
2010;Brasil;Sao Tome e Principe;0;0
2011;Brasil;Sao Tome e Principe;0;0
2012;Brasil;Sao Tome e Principe;0;0
2013;Brasil;Sao Tome e Principe;0;0
2014;Brasil;Sao Tome e Principe;0;0
2015;Brasil;Sao Tome e Principe;0;0
2016;Brasil;Sao Tome e Principe;0;0
2017;Brasil;Sao Tome e Principe;0;0
2018;Brasil;Sao Tome e Principe;2184;2357
2019;Brasil;Sao Tome e Principe;0;0
2020;Brasil;Sao Tome e Principe;0;0
2021;Brasil;Sao Tome e Principe;0;0
2022;Brasil;Sao Tome e Principe;0;0
2023;Brasil;Sao Tome e Principe;0;0
2008;Brasil;Sao Vicente e Granadinas;0;0
2009;Brasil;Sao Vicente e Granadinas;0;0
2010;Brasil;Sao Vicente e Granadinas;0;0
2011;Brasil;Sao Vicente e Granadinas;0;0
2012;Brasil;Sao Vicente e Granadinas;0;0
2013;Brasil;Sao Vicente e Granadinas;0;0
2014;Brasil;Sao Vicente e Granadinas;0;0
2015;Brasil;Sao Vicente e Granadinas;0;0
2016;Brasil;Sao Vicente e Granadinas;0;0
2017;Brasil;Sao Vicente e Granadinas;0;0
2018;Brasil;Sao Vicente e Granadinas;0;0
2019;Brasil;Sao Vicente e Granadinas;0;0
2020;Brasil;Sao Vicente e Granadinas;0;0
2021;Brasil;Sao Vicente e Granadinas;8;48
2022;Brasil;Sao Vicente e Granadinas;20;51
2023;Brasil;Sao Vicente e Granadinas;39;139
2008;Brasil;Tailandia;0;0
2009;Brasil;Tailandia;0;0
2010;Brasil;Tailandia;0;0
2011;Brasil;Tailandia;0;0
2012;Brasil;Tailandia;0;0
2013;Brasil;Tailandia;0;0
2014;Brasil;Tailandia;0;0
2015;Brasil;Tailandia;0;0
2016;Brasil;Tailandia;0;0
2017;Brasil;Tailandia;0;0
2018;Brasil;Tailandia;8;45
2019;Brasil;Tailandia;128;832
2020;Brasil;Tailandia;534;1753
2021;Brasil;Tailandia;1334;2529
2022;Brasil;Tailandia;432;1713
2023;Brasil;Tailandia;189;1387
2008;Brasil;Taiwan (Formosa);10030;18679
2009;Brasil;Taiwan (Formosa);0;0
2010;Brasil;Taiwan (Formosa);0;0
2011;Brasil;Taiwan (Formosa);4500;10600
2012;Brasil;Taiwan (Formosa);0;0
2013;Brasil;Taiwan (Formosa);0;0
2014;Brasil;Taiwan (Formosa);12519;67907
2015;Brasil;Taiwan (Formosa);7200;23940
2016;Brasil;Taiwan (Formosa);16967;80379
2017;Brasil;Taiwan (Formosa);14988;43954
2018;Brasil;Taiwan (Formosa);7589;18421
2019;Brasil;Taiwan (Formosa);12;67
2020;Brasil;Taiwan (Formosa);963;4673
2021;Brasil;Taiwan (Formosa);1313;8153
2022;Brasil;Taiwan (Formosa);25;277
2023;Brasil;Taiwan (Formosa);4208;19998
2008;Brasil;Tanzania;0;0
2009;Brasil;Tanzania;0;0
2010;Brasil;Tanzania;0;0
2011;Brasil;Tanzania;0;0
2012;Brasil;Tanzania;0;0
2013;Brasil;Tanzania;0;0
2014;Brasil;Tanzania;0;0
2015;Brasil;Tanzania;0;0
2016;Brasil;Tanzania;0;0
2017;Brasil;Tanzania;0;0
2018;Brasil;Tanzania;0;0
2019;Brasil;Tanzania;0;0
2020;Brasil;Tanzania;0;0
2021;Brasil;Tanzania;0;0
2022;Brasil;Tanzania;0;0
2023;Brasil;Tanzania;0;0
2008;Brasil;Tcheca, Republica;17135;64709
2009;Brasil;Tcheca, Republica;9269;43902
2010;Brasil;Tcheca, Republica;1091;5285
2011;Brasil;Tcheca, Republica;6846;37271
2012;Brasil;Tcheca, Republica;7960;27789
2013;Brasil;Tcheca, Republica;3697;23549
2014;Brasil;Tcheca, Republica;4500;35005
2015;Brasil;Tcheca, Republica;2297;15304
2016;Brasil;Tcheca, Republica;3837;28473
2017;Brasil;Tcheca, Republica;2746;16947
2018;Brasil;Tcheca, Republica;2712;20980
2019;Brasil;Tcheca, Republica;2115;16391
2020;Brasil;Tcheca, Republica;563;4805
2021;Brasil;Tcheca, Republica;456;5988
2022;Brasil;Tcheca, Republica;1305;9997
2023;Brasil;Tcheca, Republica;405;3348
2008;Brasil;Togo;5160;7800
2009;Brasil;Togo;0;0
2010;Brasil;Togo;0;0
2011;Brasil;Togo;0;0
2012;Brasil;Togo;0;0
2013;Brasil;Togo;0;0
2014;Brasil;Togo;0;0
2015;Brasil;Togo;0;0
2016;Brasil;Togo;0;0
2017;Brasil;Togo;0;0
2018;Brasil;Togo;0;0
2019;Brasil;Togo;0;0
2020;Brasil;Togo;0;0
2021;Brasil;Togo;1890;2012
2022;Brasil;Togo;17317;25608
2023;Brasil;Togo;14550;25235
2008;Brasil;Toquelau;0;0
2009;Brasil;Toquelau;0;0
2010;Brasil;Toquelau;0;0
2011;Brasil;Toquelau;0;0
2012;Brasil;Toquelau;0;0
2013;Brasil;Toquelau;0;0
2014;Brasil;Toquelau;0;0
2015;Brasil;Toquelau;0;0
2016;Brasil;Toquelau;0;0
2017;Brasil;Toquelau;0;0
2018;Brasil;Toquelau;0;0
2019;Brasil;Toquelau;0;0
2020;Brasil;Toquelau;0;0
2021;Brasil;Toquelau;0;0
2022;Brasil;Toquelau;0;0
2023;Brasil;Toquelau;3;10
2008;Brasil;Trinidade Tobago;0;0
2009;Brasil;Trinidade Tobago;0;0
2010;Brasil;Trinidade Tobago;0;0
2011;Brasil;Trinidade Tobago;0;0
2012;Brasil;Trinidade Tobago;531;2720
2013;Brasil;Trinidade Tobago;0;0
2014;Brasil;Trinidade Tobago;360;1600
2015;Brasil;Trinidade Tobago;0;0
2016;Brasil;Trinidade Tobago;0;0
2017;Brasil;Trinidade Tobago;0;0
2018;Brasil;Trinidade Tobago;0;0
2019;Brasil;Trinidade Tobago;0;0
2020;Brasil;Trinidade Tobago;0;0
2021;Brasil;Trinidade Tobago;0;0
2022;Brasil;Trinidade Tobago;0;0
2023;Brasil;Trinidade Tobago;0;0
2008;Brasil;Tunisia;0;0
2009;Brasil;Tunisia;0;0
2010;Brasil;Tunisia;0;0
2011;Brasil;Tunisia;0;0
2012;Brasil;Tunisia;0;0
2013;Brasil;Tunisia;0;0
2014;Brasil;Tunisia;0;0
2015;Brasil;Tunisia;0;0
2016;Brasil;Tunisia;0;0
2017;Brasil;Tunisia;0;0
2018;Brasil;Tunisia;0;0
2019;Brasil;Tunisia;0;0
2020;Brasil;Tunisia;0;0
2021;Brasil;Tunisia;0;0
2022;Brasil;Tunisia;0;0
2023;Brasil;Tunisia;0;0
2008;Brasil;Turquia;0;0
2009;Brasil;Turquia;0;0
2010;Brasil;Turquia;0;0
2011;Brasil;Turquia;0;0
2012;Brasil;Turquia;0;0
2013;Brasil;Turquia;0;0
2014;Brasil;Turquia;0;0
2015;Brasil;Turquia;0;0
2016;Brasil;Turquia;0;0
2017;Brasil;Turquia;0;0
2018;Brasil;Turquia;360;150
2019;Brasil;Turquia;115;209
2020;Brasil;Turquia;0;0
2021;Brasil;Turquia;343;878
2022;Brasil;Turquia;418;503
2023;Brasil;Turquia;28104;95421
2008;Brasil;Tuvalu;0;0
2009;Brasil;Tuvalu;0;0
2010;Brasil;Tuvalu;0;0
2011;Brasil;Tuvalu;0;0
2012;Brasil;Tuvalu;0;0
2013;Brasil;Tuvalu;0;0
2014;Brasil;Tuvalu;0;0
2015;Brasil;Tuvalu;0;0
2016;Brasil;Tuvalu;0;0
2017;Brasil;Tuvalu;0;0
2018;Brasil;Tuvalu;0;0
2019;Brasil;Tuvalu;0;0
2020;Brasil;Tuvalu;2;4
2021;Brasil;Tuvalu;0;0
2022;Brasil;Tuvalu;0;0
2023;Brasil;Tuvalu;0;0
2008;Brasil;Uruguai;0;0
2009;Brasil;Uruguai;0;0
2010;Brasil;Uruguai;914;2929
2011;Brasil;Uruguai;1238;4404
2012;Brasil;Uruguai;1135;3879
2013;Brasil;Uruguai;1526;13343
2014;Brasil;Uruguai;0;0
2015;Brasil;Uruguai;0;0
2016;Brasil;Uruguai;0;0
2017;Brasil;Uruguai;0;0
2018;Brasil;Uruguai;7711;29617
2019;Brasil;Uruguai;6180;18497
2020;Brasil;Uruguai;0;0
2021;Brasil;Uruguai;136774;149842
2022;Brasil;Uruguai;637117;997367
2023;Brasil;Uruguai;326093;454271
2008;Brasil;Vanuatu;0;0
2009;Brasil;Vanuatu;0;0
2010;Brasil;Vanuatu;0;0
2011;Brasil;Vanuatu;0;0
2012;Brasil;Vanuatu;0;0
2013;Brasil;Vanuatu;0;0
2014;Brasil;Vanuatu;0;0
2015;Brasil;Vanuatu;0;0
2016;Brasil;Vanuatu;0;0
2017;Brasil;Vanuatu;0;0
2018;Brasil;Vanuatu;0;0
2019;Brasil;Vanuatu;0;0
2020;Brasil;Vanuatu;18;31
2021;Brasil;Vanuatu;0;0
2022;Brasil;Vanuatu;0;0
2023;Brasil;Vanuatu;0;0
2008;Brasil;Venezuela;0;0
2009;Brasil;Venezuela;0;0
2010;Brasil;Venezuela;0;0
2011;Brasil;Venezuela;0;0
2012;Brasil;Venezuela;1029;7492
2013;Brasil;Venezuela;0;0
2014;Brasil;Venezuela;14;232
2015;Brasil;Venezuela;0;0
2016;Brasil;Venezuela;0;0
2017;Brasil;Venezuela;680;2646
2018;Brasil;Venezuela;71;355
2019;Brasil;Venezuela;0;0
2020;Brasil;Venezuela;4086;9808
2021;Brasil;Venezuela;26415;35944
2022;Brasil;Venezuela;23220;32351
2023;Brasil;Venezuela;141030;220512
2008;Brasil;Vietna;0;0
2009;Brasil;Vietna;743;2143
2010;Brasil;Vietna;8820;9977
2011;Brasil;Vietna;0;0
2012;Brasil;Vietna;0;0
2013;Brasil;Vietna;0;0
2014;Brasil;Vietna;0;0
2015;Brasil;Vietna;0;0
2016;Brasil;Vietna;0;0
2017;Brasil;Vietna;0;0
2018;Brasil;Vietna;0;0
2019;Brasil;Vietna;20;32
2020;Brasil;Vietna;86;584
2021;Brasil;Vietna;0;0
2022;Brasil;Vietna;130;277
2023;Brasil;Vietna;72;128
2008;Brasil;Africa do Sul;0;0
2009;Brasil;Africa do Sul;0;0
2010;Brasil;Africa do Sul;0;0
2011;Brasil;Africa do Sul;0;0
2012;Brasil;Africa do Sul;0;0
2013;Brasil;Africa do Sul;0;0
2014;Brasil;Africa do Sul;0;0
2015;Brasil;Africa do Sul;0;0
2016;Brasil;Africa do Sul;0;0
2017;Brasil;Africa do Sul;0;0
2018;Brasil;Africa do Sul;0;0
2019;Brasil;Africa do Sul;26;95
2020;Brasil;Africa do Sul;4;21
2021;Brasil;Africa do Sul;0;0
2022;Brasil;Africa do Sul;0;0
2023;Brasil;Africa do Sul;117;698
2008;Brasil;Austria;0;0
2009;Brasil;Austria;0;0
2010;Brasil;Austria;0;0
2011;Brasil;Austria;0;0
2012;Brasil;Austria;0;0
2013;Brasil;Austria;0;0
2014;Brasil;Austria;0;0
2015;Brasil;Austria;0;0
2016;Brasil;Austria;675;5220
2017;Brasil;Austria;0;0
2018;Brasil;Austria;0;0
2019;Brasil;Austria;0;0
2020;Brasil;Austria;0;0
2021;Brasil;Austria;0;0
2022;Brasil;Austria;6;212
2023;Brasil;Austria;0;0
